{
	"L1T1": {
		"Name": "Novice Box 1",
		"Prob": {
			"U1S1": 0.40,
			"U1S2": 0.40,
			"U2S1": 0.10,
			"U2S2": 0.09,
			"U3S1": 0.009,
			"H3S1": 0.001
		},
		"GenTime": 10,
		"HoldCap": 10
	},
	"L1T2": {
		"Name": "Novice Box 2",
		"Prob": {
			"U1S5": 0.35,
			"U1S6": 0.35,
			"U2S5": 0.10,
			"U2S6": 0.10,
			"U3S4": 0.05,
			"U3S5": 0.049,
			"U4S2": 0.000001,
			"H3S2": 0.000999,
		},
		"GenTime": 60,
		"HoldCap": 10
	}
}
